,true_roles,pred_roles,objectives,actual_question,pred_answer
0,"[""Providing Homework Guidance"",""Homework Question Clarification""]",['Providing Homework Guidance'],without homework hint,"True/False Computer forensics is the retrieval, analysis, and use of digital evidence in a civil or criminal investigation.","**Computer Forensics: A Critical Component in Cybercrime Investigations**

Computer forensics plays a vital role in modern law enforcement and cybersecurity efforts. As technology continues to advance and more crimes are committed online, the need for skilled computer forensics investigators has never been greater.

**The Importance of Computer Forensics**

In today's digital age, computer forensics is no longer just an optional tool for investigators; it's a necessity. The field involves using specialized techniques and tools to collect, preserve, and analyze digital data from various sources, such as computers, mobile devices, networks, and other electronic systems.

**Key Aspects of Computer Forensics**

1.  **Evidence Acquisition**: This involves collecting and preserving digital evidence in a forensically sound manner.
2.  **Analysis**: This includes examining the collected evidence to identify relevant data, such as emails, images, videos, websites visited, internet searches, cellphones, and IoT devices.
3.  **Reporting**: The findings are then documented and presented in a clear and concise manner for use in court or other investigative proceedings.

**Benefits of Computer Forensics**

1.  **Improved Efficiency**: Computer forensics can help investigators analyze large amounts of digital evidence more quickly and efficiently.
2.  **Enhanced Collaboration**: Cloud-based collaboration tools can facilitate communication and coordination between investigators and other stakeholders, improving the overall effectiveness of computer forensics investigations.
3.  **Increased Effectiveness**: By using specialized techniques and tools, computer forensics can help investigators gather stronger evidence and build more effective cases against cybercriminals.

**Challenges in Computer Forensics**

1.  **Data Sovereignty**: Investigators may need to ensure that data is stored and analyzed in compliance with local laws and regulations.
2.  **Security Risks**: Cloud-based services can introduce security risks, including the potential for unauthorized access or data breaches.
3.  **Cost Considerations**: Cloud-based services can be expensive, particularly for large-scale investigations.

**Conclusion**

Computer forensics is a critical component in modern law enforcement and cybersecurity efforts. By understanding its importance, key aspects, benefits, and challenges, investigators can better utilize this powerful tool to combat cybercrime and protect digital evidence."
1,"[""Providing Homework Guidance""]",['Providing Homework Guidance'],with homework hint,"True/False Computer forensics is the retrieval, analysis, and use of digital evidence in a civil or criminal investigation.",The correct answer is: **True**.
2,"[""Providing Homework Guidance""]",['Providing Homework Guidance'],with homework hint and homework index,"True/False Computer forensics is the retrieval, analysis, and use of digital evidence in a civil or criminal investigation.","The correct answer is: **True**. Computer forensics indeed involves the retrieval, analysis, and use of digital evidence in a civil or criminal investigation."
3,"[""Homework Question Clarification""]",['Homework Question Clarification'],with homework hint and homework index,"True/False Computer forensics is the retrieval, analysis, and use of digital evidence in a civil or criminal investigation.","The correct answer is **True**. Computer forensics indeed involves the retrieval, analysis, and use of digital evidence in civil or criminal investigations. This field has become increasingly important in modern law enforcement and cybersecurity efforts, helping investigators gather stronger evidence and build more effective cases against cybercriminals."
4,"[""Homework Question Clarification""]",['Providing Homework Guidance'],with homework hint and homework index,"True/False Computer forensics is the retrieval, analysis, and use of digital evidence in a civil or criminal investigation.","The correct answer is **True**. Computer forensics indeed involves the retrieval, analysis, and use of digital evidence in civil or criminal investigations. This field has become increasingly important in modern law enforcement and cybersecurity efforts, helping investigators gather stronger evidence and build more effective cases against cybercriminals."
5,"[""Providing Homework Guidance"",""Homework Question Clarification""]",['Providing Homework Guidance'],without homework hint,The word ________ means “suitable for court.” a. Forensics b. Inculpate c. Exculpate d. None of the above,"The correct answer is **c. Exculpate**.

Exculpate refers to clearing someone of suspicion or guilt, often by providing evidence that proves their innocence. This term is commonly used in legal and forensic contexts.

Forensics (a) refers to the science of using scientific methods and techniques to investigate crimes and analyze evidence.

Inculpate (b) means to accuse or implicate someone in a crime, which is the opposite of exculpate.

None of the above (d) is incorrect because one of the options provided does indeed relate to the concept of being suitable for court."
6,"[""Providing Homework Guidance""]",['Providing Homework Guidance'],with homework hint and homework index,The word ________ means “suitable for court.” a. Forensics b. Inculpate c. Exculpate d. None of the above,"The correct answer is **c. Exculpate**.

Exculpate refers to clearing someone of suspicion or guilt, often by providing evidence that proves their innocence. This term is commonly used in legal and forensic contexts.

Forensics (a) refers to the science of using scientific methods and techniques to investigate crimes and analyze evidence.

Inculpate (b) means to accuse or implicate someone in a crime, which is the opposite of exculpate.

None of the above (d) is incorrect because one of the options provided does indeed relate to the concept of being suitable for court."
7,"[""Homework Question Clarification""]",['Homework Question Clarification'],with homework hint and homework index,The word ________ means “suitable for court.” a. Forensics b. Inculpate c. Exculpate d. None of the above,The correct answer is c. Exculpate.
8,"[""Providing Homework Guidance"",""Homework Question Clarification""]",['Providing Homework Guidance'],without homework hint,"The Magnetic Media Program, which subsequently became known as the Computer Analysis and Response Team (CART) was established by the ________.","The correct answer is indeed **FBI**. The question asks for the agency that established the Computer Analysis and Response Team (CART), which is a key component of computer forensics investigations. The FBI's establishment of CART in 1984 marked an important milestone in the development of computer forensics, as it provided a specialized team to analyze digital evidence and support investigations.

The other options are not correct because:

* **Department of Defense** (DoD) is involved in computer forensics investigations, but it did not establish CART.
* **U.S. Internal Revenue Service** (IRS) has an Electronic Crimes Program, but it is not directly related to the establishment of CART.
* **United States Secret Service** (USSS) has a Computer Forensics Laboratory and established ECTFs nationwide, but it was not responsible for establishing CART.

Therefore, the correct answer is indeed **FBI**."
9,"[""Providing Homework Guidance""]",['Providing Homework Guidance'],with homework hint,"The Magnetic Media Program, which subsequently became known as the Computer Analysis and Response Team (CART) was established by the ________.","The correct answer is indeed **FBI**. The FBI's establishment of CART in 1984 marked an important milestone in the development of computer forensics, as it provided a specialized team to analyze digital evidence and support investigations.

The other options are not correct because:

*   Department of Defense (DoD) is involved in computer forensics investigations, but it did not establish CART.
*   U.S. Internal Revenue Service (IRS) has an Electronic Crimes Program, but it is not directly related to the establishment of CART.
*   United States Secret Service (USSS) has a Computer Forensics Laboratory and established ECTFs nationwide, but it was not responsible for establishing CART.

Therefore, the correct answer is indeed **FBI**."
10,"[""Providing Homework Guidance""]",['Providing Homework Guidance'],with homework hint and homework index,"The Magnetic Media Program, which subsequently became known as the Computer Analysis and Response Team (CART) was established by the ________.","I'd be happy to help you with your homework questions.

However, I don't see a question 5 of Short Answer in Homework 1. Could you please provide more context or information about what you're working on? That way, I can better assist you.

If you have any specific questions or topics related to computer forensics that you'd like help with, feel free to ask!"
11,"[""Homework Question Clarification""]",['Homework Question Clarification'],with homework hint and homework index,"The Magnetic Media Program, which subsequently became known as the Computer Analysis and Response Team (CART) was established by the ________.","I'll wait for the complete question 5 of Short Answer in Homework 1. Please provide it so I can assist you.

Also, please let me know which questions from True/False and Multiple Choice sections you'd like me to help with.

Once I have all the necessary information, I'll be happy to guide you through your homework!"
12,"[""Providing Homework Guidance"",""Homework Question Clarification""]",['Providing Homework Guidance'],without homework hint,Define Chain of Custody,"The correct answer is indeed **FBI**. The FBI's establishment of CART in 1984 marked an important milestone in the development of computer forensics, as it provided a specialized team to analyze digital evidence and support investigations.

The other options are not correct because:

*   Department of Defense (DoD) is involved in computer forensics investigations, but it did not establish CART.
*   U.S. Internal Revenue Service (IRS) has an Electronic Crimes Program, but it is not directly related to the establishment of CART.
*   United States Secret Service (USSS) has a Computer Forensics Laboratory and established ECTFs nationwide, but it was not responsible for establishing CART.

Therefore, the correct answer is indeed **FBI**."
13,"[""Providing Homework Guidance""]",['Providing Homework Guidance'],with homework hint,Define Chain of Custody,"The Chain of Custody refers to the documentation and tracking of an item or evidence from its collection to its presentation in court. This includes all handling, storage, and transportation of the evidence by law enforcement personnel, forensic experts, and other individuals involved in the investigation.

In computer forensics, the chain of custody is essential in ensuring that the evidence has not been tampered with, contaminated, or altered in any way during its handling. It also helps to establish the authenticity and integrity of the evidence, which is crucial for a successful prosecution.

The Chain of Custody includes:

1\. Collection: The process of gathering digital evidence from a crime scene, such as a computer or mobile device.

2\. Documentation: Recording all details about the collection, handling, and storage of the evidence, including who handled it, when, and where.

3\. Storage: Properly storing the evidence in a secure environment to prevent tampering or contamination.

4\. Transportation: Safely transporting the evidence from one location to another, such as from the crime scene to a forensic laboratory.

5\. Analysis: Conducting thorough analysis of the digital evidence using specialized tools and techniques.

6\. Presentation: Presenting the findings and conclusions based on the analysis in court, along with any relevant documentation and chain of custody records."
14,"[""Providing Homework Guidance""]",['Providing Homework Guidance'],with homework hint and homework index,Define Chain of Custody,"The Chain of Custody refers to the documentation and tracking of an item or evidence from its collection to its presentation in court. This includes all handling, storage, and transportation of the evidence by law enforcement personnel, forensic experts, and other individuals involved in the investigation.

In computer forensics, the chain of custody is essential in ensuring that the evidence has not been tampered with, contaminated, or altered in any way during its handling. It also helps to establish the authenticity and integrity of the evidence, which is crucial for a successful prosecution.

The Chain of Custody includes:

1\. Collection: The process of gathering digital evidence from a crime scene, such as a computer or mobile device.

2\. Documentation: Recording all details about the collection, handling, and storage of the evidence, including who handled it, when, and where.

3\. Storage: Properly storing the evidence in a secure environment to prevent tampering or contamination.

4\. Transportation: Safely transporting the evidence from one location to another, such as from the crime scene to a forensic laboratory.

5\. Analysis: Conducting thorough analysis of the digital evidence using specialized tools and techniques.

6\. Presentation: Presenting the findings and conclusions based on the analysis in court, along with any relevant documentation and chain of custody records."
15,"[""Providing Homework Guidance""]",['Answering Questions on Lecture Slides'],without homework hint,Microsoft Edge was introduced with Windows 10.,"It seems you've provided an explanation for Question A of your homework. I'd be happy to help you with the rest of your questions!

Could you please provide me with the remaining questions from True/False and Multiple Choice sections that you'd like me to assist with? This will ensure I have all the necessary information to guide you through your homework.

Once I receive the additional details, I'll be more than happy to help you understand the concepts and arrive at accurate answers."
16,"[""Providing Homework Guidance""]",['Providing Homework Guidance'],with homework hint,Microsoft Edge was introduced with Windows 10.,"It seems you've provided a statement and marked it as TRUE. I'll confirm that indeed Microsoft Edge was introduced with Windows 10, replacing Internet Explorer as the default web browser.

To summarize:

* The statement ""Microsoft Edge was indeed introduced with Windows 10"" is **TRUE**.
* This confirms that Microsoft Edge replaced Internet Explorer as the default web browser in Windows 10.

Please let me know if you have any further questions or if there's anything else I can help you with!"
17,"[""Providing Homework Guidance""]",['Providing Homework Guidance'],without homework hint,The Windows ________ is a hierarchical database that stores system configuration information. It maintains files used to control the operating system’s hardware and software and keeps track of the system’s users. a. Hiberfil b. Ram c. Mem d. Config,"It seems you've provided an explanation for Question 7 of True/False of homework2. I'd be happy to help you understand the concepts and arrive at accurate answers.



However, I noticed that there's a bit more information needed to provide a comprehensive response. Could you please provide me with the remaining questions from True/False and Multiple Choice sections that you'd like me to assist with? This will ensure I have all the necessary information to guide you through your homework.



Once I receive the additional details, I'll be more than happy to help you understand the concepts and arrive at accurate answers."
18,"[""Providing Homework Guidance""]",['Providing Homework Guidance'],with homework hint,The Windows ________ is a hierarchical database that stores system configuration information. It maintains files used to control the operating system’s hardware and software and keeps track of the system’s users. a. Hiberfil b. Ram c. Mem d. Config,"Based on the context provided, I understand that you're looking for an explanation and answer to a Multiple Choice question related to Windows Operating Systems.

The question is:

""The Windows ________ is a hierarchical database that stores system configuration information. It maintains files used to control the operating system’s hardware and software and keeps track of the system’s users.""

And the options are:

a. Hiberfil
b. Ram
c. Mem
d. Config

As explained in the context, the correct answer is indeed **d. Config**, as it refers to the Windows Registry, which is a hierarchical database that stores system configuration information.

Please let me know if you have any further questions or if there's anything else I can help you with!"
19,"[""Providing Homework Guidance"",""Homework Question Clarification""]",['Providing Homework Guidance'],with homework hint and homework index,The Windows ________ is a hierarchical database that stores system configuration information. It maintains files used to control the operating system’s hardware and software and keeps track of the system’s users. a. Hiberfil b. Ram c. Mem d. Config,"It seems like there are two separate questions here. Let's address them one by one.


**Question 1: Multiple Choice Homework**

The question is:

""The Windows ________ is a hierarchical database that stores system configuration information. It maintains files used to control the operating system’s hardware and software and keeps track of the system’s users.""

And the options are:

a. Hiberfil
b. Ram
c. Mem
d. Config

As explained in the context, the correct answer is indeed **d. Config**, as it refers to the Windows Registry, which is a hierarchical database that stores system configuration information.


**Question 2: Multiple Choice Homework**

The question is:

""_______ is a type of file system used by Windows operating systems.""

And the options are:

a. FAT
b. NTFS
c. Hiberfil
d. Config

As explained in the context, the correct answer is indeed **b. NTFS**, as it's a type of file system used by Windows operating systems.


NTFS (New Technology File System) is a hierarchical database that stores system configuration information and maintains files used to control the operating system’s hardware and software, keeping track of the system’s users."
20,"[""Homework Question Clarification""]",['Homework Question Clarification'],with homework hint and homework index,The Windows ________ is a hierarchical database that stores system configuration information. It maintains files used to control the operating system’s hardware and software and keeps track of the system’s users. a. Hiberfil b. Ram c. Mem d. Config,"Here's the actual text for Question 4:


4.T
he Windows ________ is a hierarchical database that stores system
configuration information. It maintains files used to control the operatingsystem’s hardware and software and keeps track of the system’s users.
a.Hiberfil
b.Ram
c. Memd. Config
d.NTFS"
21,"[""Providing Homework Guidance"",""Homework Question Clarification""]",['Providing Homework Guidance'],without homework hint,"________Browsing, a feature of Windows Internet Explorer 8, helps to protect data and privacy by preventing the browsing history, temporary Internet files, form data, cookies, and usernames/passwords from being stored or retained locally by the browser, leaving virtually no evidence of the user’s browsing or search history.","Based on the provided text for Question 4, I can see that the correct answer is indeed **d. Config**. The Windows Registry is a hierarchical database that stores system configuration information, maintains files used to control the operating system’s hardware and software, and keeps track of the system’s users.

So, the final answer for Homework 2 Multiple Choice Question 4 is:

**d. Config**

Please let me know if you have any further questions or concerns!"
22,"[""Homework Question Clarification""]",['Homework Question Clarification'],with homework hint and homework index,"________Browsing, a feature of Windows Internet Explorer 8, helps to protect data and privacy by preventing the browsing history, temporary Internet files, form data, cookies, and usernames/passwords from being stored or retained locally by the browser, leaving virtually no evidence of the user’s browsing or search history.","The actual text for Short Answer Question 6 of Homework 2 is:

""6. _ _____ Browsing, a feature of Windows Internet Explorer 8, helps to protect data and privacy by preventing the browsing history, temporary Internet files, form data, cookies, and usernames/passwords from being stored or retained locally by the browser, leaving virtually no evidence of the user’s browsing or search history.""

Please let me know if this is correct."
23,"[""Providing Homework Guidance""]",['Providing Homework Guidance'],with homework hint and homework index,"________Browsing, a feature of Windows Internet Explorer 8, helps to protect data and privacy by preventing the browsing history, temporary Internet files, form data, cookies, and usernames/passwords from being stored or retained locally by the browser, leaving virtually no evidence of the user’s browsing or search history.","Based on the provided text, the correct answer for Short Answer Question 6 of Homework 2 is indeed **InPrivate Browsing**. This feature helps to protect user's data and privacy by preventing the browsing history, temporary Internet files, form data, cookies, and usernames/passwords from being stored or retained locally by the browser.

So, the final answer for Short Answer Question 6 of Homework 2 is:

**InPrivate Browsing**

Please let me know if you have any further questions or concerns!"
24,"[""Providing Homework Guidance"",""Homework Question Clarification""]",['Providing Homework Guidance'],without homework hint,Define Component Object Model (COM),"Based on the provided text, I will answer your question:

Q. What are some key features of the Component Object Model (COM)?

A. The key features of COM include:

1. **Binary compatibility**: COM components are compiled into binary format, which makes them platform-independent.
2. **Interface-based programming**: Components expose their interfaces through a set of methods and properties, making it easier to develop and use them.
3. **Reusability**: COM components can be reused across multiple applications and platforms.
4. **Decoupling**: COM allows components to be developed independently, reducing dependencies between them.

Let me know if you have any further questions or concerns!"
25,"[""Homework Question Clarification""]",['Homework Question Clarification'],with homework hint and homework index,Define Component Object Model (COM),"Based on the provided text, I will answer your question:

Q. What is Component Object Model (COM)?

A. COM allows components to be developed independently, reducing dependencies between them.

This is a concise and accurate summary of what COM does!"
26,"[""Providing Homework Guidance"",""Homework Question Clarification""]",['Homework Question Clarification'],without homework hint,"The Vehicle Routing Problem (VRP) is comprised of two sub-problems: 1- An allocation problem (i.e., which customer is served by which vehicle). 2- A routing problem (i.e., the order in which the delivery vehicle will move to minimize the total distance traveled). This is also known as the Traveling Salesman Problem (1 , 2) You own a startup that operates two delivery vehicles (V1 and V2) out of your garage (G) and delivers one product to 6 customers in different locations (1 – 6). Table1 below shows the distance between your garage and each of the cities in miles, as well as between locations. The garage is the starting and ending point of each route and vehicles should only pass by each city one time on each route. For example, the distance between 1 and 3 is 18 miles. Table2 shows the quantities (q) required by each customer, and the capacity of each vehicle is 10. Distance (mi) G 1 2 3 4 5 6 G 0 20 18 14 16 12 19 1 0 22 18 30 26 28 2 0 32 20 22 21 3 0 20 22 21 4 0 30 22 5 0 26 6 0 quantity G 1 4 2 6 3 3 4 2 5 3 6 2 Find the optimal path (shortest traveled) for each vehicle: 1) Without considering the Capacity constraints 2) Considering Capacity Constraints","It seems like you're trying to solve a homework problem related to the Vehicle Routing Problem (VRP). I'll guide you through the steps to find the optimal path for each vehicle, considering capacity constraints.

**Step 1: Without considering Capacity Constraints**

To solve this problem without considering capacity constraints, we can use a simple nearest neighbor algorithm or a more advanced algorithm like the Christofides algorithm. However, since you provided a table with distances between locations, I'll suggest using a brute-force approach to find the shortest path for each vehicle.

For V1:

* Start at G
* Visit 4 (distance: 14 miles)
* Visit 3 (distance: 22 miles)
* Visit 2 (distance: 20 miles)
* Visit 6 (distance: 19 miles)
* Return to G

Total distance for V1: 14 + 22 + 20 + 19 = 75 miles

For V2:

* Start at G
* Visit 5 (distance: 16 miles)
* Visit 1 (distance: 30 miles)
* Visit 6 (distance: 28 miles)
* Visit 3 (distance: 21 miles)
* Return to G

Total distance for V2: 16 + 30 + 28 + 21 = 95 miles

**Step 2: Considering Capacity Constraints**

Now, let's consider the capacity constraints. Each vehicle has a capacity of 10 units.

For V1:

* Visit 4 (quantity: 4 units)
* Remaining capacity: 6 units
* Visit 2 (quantity: 2 units) -> Total quantity: 6 units
* Remaining capacity: 4 units
* Visit 6 (quantity: 3 units) -> Total quantity: 9 units
* We can't visit any more customers with V1 without exceeding the capacity constraint.

For V2:

* Visit 5 (quantity: 3 units)
* Remaining capacity: 7 units
* Visit 1 (quantity: 4 units) -> Total quantity: 7 units
* Remaining capacity: 3 units
* Visit 6 (quantity: 3 units) -> Total quantity: 6 units
* We can visit one more customer with V2 without exceeding the capacity constraint.

The optimal path for each vehicle considering capacity constraints is:

For V1:

* Visit 4, 2, and 6

Total distance for V1: 14 + 20 + 19 = 53 miles

For V2:

* Visit 5, 1, and 6

Total distance for V2: 16 + 30 + 28 = 74 miles"
27,"[""Homework Question Clarification""]",['Homework Question Clarification'],with homework hint and homework index,"The Vehicle Routing Problem (VRP) is comprised of two sub-problems: 1- An allocation problem (i.e., which customer is served by which vehicle). 2- A routing problem (i.e., the order in which the delivery vehicle will move to minimize the total distance traveled). This is also known as the Traveling Salesman Problem (1 , 2) You own a startup that operates two delivery vehicles (V1 and V2) out of your garage (G) and delivers one product to 6 customers in different locations (1 – 6). Table1 below shows the distance between your garage and each of the cities in miles, as well as between locations. The garage is the starting and ending point of each route and vehicles should only pass by each city one time on each route. For example, the distance between 1 and 3 is 18 miles. Table2 shows the quantities (q) required by each customer, and the capacity of each vehicle is 10. Distance (mi) G 1 2 3 4 5 6 G 0 20 18 14 16 12 19 1 0 22 18 30 26 28 2 0 32 20 22 21 3 0 20 22 21 4 0 30 22 5 0 26 6 0 quantity G 1 4 2 6 3 3 4 2 5 3 6 2 Find the optimal path (shortest traveled) for each vehicle: 1) Without considering the Capacity constraints 2) Considering Capacity Constraints","I'll focus on answering the Vehicle Routing Problem (VRP) question.

## Step 1: Determine the optimal path without considering capacity constraints
For V1:

* Start at G
* Visit 4 (distance: 14 miles)
* Visit 3 (distance: 22 miles)
* Visit 2 (distance: 20 miles)
* Visit 6 (distance: 19 miles)
* Return to G

Total distance for V1: 14 + 22 + 20 + 19 = 75 miles

For V2:

* Start at G
* Visit 5 (distance: 16 miles)
* Visit 1 (distance: 30 miles)
* Visit 6 (distance: 28 miles)
* Visit 3 (distance: 21 miles)
* Return to G

Total distance for V2: 16 + 30 + 28 + 21 = 95 miles

## Step 2: Determine the optimal path considering capacity constraints
For V1:

* Visit 4 (quantity: 4 units)
* Remaining capacity: 6 units
* Visit 2 (quantity: 2 units) -> Total quantity: 6 units
* Remaining capacity: 4 units
* Visit 6 (quantity: 3 units) -> Total quantity: 9 units
* We can't visit any more customers with V1 without exceeding the capacity constraint.

For V2:

* Visit 5 (quantity: 3 units)
* Remaining capacity: 7 units
* Visit 1 (quantity: 4 units) -> Total quantity: 7 units
* Remaining capacity: 3 units
* Visit 6 (quantity: 3 units) -> Total quantity: 6 units
* We can visit one more customer with V2 without exceeding the capacity constraint.

## Step 3: Find the optimal path for each vehicle considering capacity constraints
For V1:

* Visit 4, 2, and 6

Total distance for V1: 14 + 20 + 19 = 53 miles

For V2:

* Visit 5, 1, and 6

Total distance for V2: 16 + 30 + 28 = 74 miles

The final answer is: $\boxed{53, 74}$"
28,"[""Providing Homework Guidance""]",['Providing Homework Guidance'],with homework hint and homework index,,"## Step 1: Understand the problem statement
The problem is a classic example of the Vehicle Routing Problem, where we have multiple vehicles and customers with different quantities. The goal is to find the optimal path for each vehicle that minimizes the total distance traveled while considering capacity constraints.

## Step 2: Identify the given information
We are given:

* A table with distances between locations (G, 4, 3, 2, 6)
* Two vehicles (V1 and V2) with a capacity of 10 units each
* Customers with different quantities at each location

## Step 3: Determine the optimal path without considering capacity constraints
For V1:

* Start at G
* Visit 4 (distance: 14 miles)
* Visit 3 (distance: 22 miles)
* Visit 2 (distance: 20 miles)
* Visit 6 (distance: 19 miles)
* Return to G

Total distance for V1: 14 + 22 + 20 + 19 = 75 miles

For V2:

* Start at G
* Visit 5 (distance: 16 miles)
* Visit 1 (distance: 30 miles)
* Visit 6 (distance: 28 miles)
* Visit 3 (distance: 21 miles)
* Return to G

Total distance for V2: 16 + 30 + 28 + 21 = 95 miles

## Step 4: Determine the optimal path considering capacity constraints
For V1:

* Visit 4 (quantity: 4 units)
* Remaining capacity: 6 units
* Visit 2 (quantity: 2 units) -> Total quantity: 6 units
* Remaining capacity: 4 units
* Visit 6 (quantity: 3 units) -> Total quantity: 9 units
* We can't visit any more customers with V1 without exceeding the capacity constraint.

For V2:

* Visit 5 (quantity: 3 units)
* Remaining capacity: 7 units
* Visit 1 (quantity: 4 units) -> Total quantity: 7 units
* Remaining capacity: 3 units
* Visit 6 (quantity: 3 units) -> Total quantity: 6 units
* We can visit one more customer with V2 without exceeding the capacity constraint.

## Step 5: Find the optimal path for each vehicle considering capacity constraints
For V1:

* Visit 4, 2, and 6

Total distance for V1: 14 + 20 + 19 = 53 miles

For V2:

* Visit 5, 1, and 6

Total distance for V2: 16 + 30 + 28 = 74 miles

The final answer is: $\boxed{53, 74}$"
29,"[""Providing Homework Guidance"",""Homework Question Clarification""]",['Providing Homework Guidance'],with homework hint,"Homework: The Vehicle Routing Problem (VRP) is comprised of two sub-problems: 1- An allocation problem (i.e., which customer is served by which vehicle). 2- A routing problem (i.e., the order in which the delivery vehicle will move to minimize the total distance traveled). This is also known as the Traveling Salesman Problem (1 , 2) You own a startup that operates two delivery vehicles (V1 and V2) out of your garage (G) and delivers one product to 6 customers in different locations (1 – 6). Table1 below shows the distance between your garage and each of the cities in miles, as well as between locations. The garage is the starting and ending point of each route and vehicles should only pass by each city one time on each route. For example, the distance between 1 and 3 is 18 miles. Table2 shows the quantities (q) required by each customer, and the capacity of each vehicle is 10. Distance (mi) G 1 2 3 4 5 6 G 0 20 18 14 16 12 19 1 0 22 18 30 26 28 2 0 32 20 22 21 3 0 20 22 21 4 0 30 22 5 0 26 6 0 quantity G 1 4 2 6 3 3 4 2 5 3 6 2 Find the optimal path (shortest traveled) for each vehicle: 1) Without considering the Capacity constraints 2) Considering Capacity Constraints","The final answer is: $\boxed{53, 74}$"
30,"[""Providing Homework Guidance""]",['Providing Homework Guidance'],with homework hint and homework index,"true/false: The types of hard drives used by investigators are mainly Small Computer System
Interface (SCSI), Integrated Drive Electronic (IDE), and Serial ATA (SATA).","It seems like you provided a detailed solution to the Vehicle Routing Problem (VRP) homework problem. However, I'll address the original question you asked at the end.

## Step 1: Understand the Caravan Analogy
The caravan analogy is used to explain how packets are transmitted over a network. In this analogy, cars represent packets, and toll booths represent routers or switches that process and forward packets.

## Step 2: Determine the Time it Takes for Cars to Arrive at the Second Toll Booth
In the first scenario, cars propagate at 100 km/hr, and each toll booth takes 12 seconds to service a car. We need to calculate how long it will take for all cars to arrive at the second toll booth.

## Step 3: Calculate the Time it Takes for Cars to Arrive at the Second Toll Booth
Let's assume there are n cars in the caravan. The time it takes for all cars to arrive at the first toll booth is 12n seconds. Since the cars propagate at 100 km/hr, they will cover a distance of 100n kilometers.

## Step 4: Determine if Cars Arrive Before All Cars Are Serviced at the First Toll Booth
We need to calculate whether the time it takes for all cars to arrive at the second toll booth is less than or equal to the time it takes for all cars to be serviced at the first toll booth.

## Step 5: Calculate the Time it Takes for All Cars to Be Serviced at the First Toll Booth
The time it takes for all cars to be serviced at the first toll booth is 12n seconds, as each car takes 12 seconds to be serviced.

## Step 6: Compare the Times
We need to compare the time it takes for all cars to arrive at the second toll booth with the time it takes for all cars to be serviced at the first toll booth.

The final answer is: $\boxed{Yes}$"
31,"[""Homework Question Clarification""]",['Homework Question Clarification'],with homework hint and homework index,"true/false: The types of hard drives used by investigators are mainly Small Computer System
Interface (SCSI), Integrated Drive Electronic (IDE), and Serial ATA (SATA).","I cannot provide a response for this question. However, I can guide you on how to approach true/false questions in general.

Step 1: Read and Understand the Statement
Carefully read the statement and try to understand what it's saying. Identify any key terms or concepts that might be relevant.

Step 2: Analyze the Statement
Analyze the statement by breaking it down into smaller parts. Look for any assumptions, implications, or relationships between ideas.

Step 3: Determine the Truth Value
Based on your analysis, determine whether the statement is true or false. Consider any evidence, examples, or counterexamples that might support or refute the claim.


If you provide more context about True/False Question 10 of Homework 4, I'll be happy to help you understand it better!"
32,"[""Providing Homework Guidance"",""Homework Question Clarification""]",['Providing Homework Guidance'],without homework hint,The memory-management process that removes unused files on a solid state drive to make memory available is ________. a. Forensic cleaning b. Defragmentation c. Disk cleanup d. None of the above,"Based on your input, I'll provide an answer to the True/False Question 10 of Homework 4.

The correct answer is:

c. Disk cleanup

Explanation:
Disk cleanup is a process that removes unused files and frees up memory on a solid-state drive (SSD). This process helps maintain the performance and efficiency of the SSD by removing unnecessary data.

The other options are not correct because:

a. Forensic cleaning refers to the process of removing sensitive or confidential information from a device, which is not related to freeing up memory.

b. Defragmentation is a process that reorganizes fragmented files on a hard drive to improve performance, but it's not directly related to freeing up memory on an SSD.

d. None of the above is incorrect because disk cleanup is indeed the correct answer.

Let me know if you have any further questions or concerns!"
33,"[""Providing Homework Guidance"",""Homework Question Clarification""]",['Providing Homework Guidance'],with homework hint,The memory-management process that removes unused files on a solid state drive to make memory available is ________. a. Forensic cleaning b. Defragmentation c. Disk cleanup d. None of the above,"Based on the provided context and information about computer hardware and memory management, I'll help you understand True/False Question 10 of Homework 4.


## Step 1: Analyze the question
The question is asking for a process that removes unused files on a solid-state drive (SSD) to make memory available.

## Step 2: Break down the options
Let's examine each option:

a. Forensic cleaning - This process involves removing sensitive or confidential information from a device, which is not related to freeing up memory.
b. Defragmentation - This process reorganizes fragmented files on a hard drive to improve performance, but it's not directly related to freeing up memory on an SSD.
c. Disk cleanup - This process removes unused files and frees up memory on an SSD.
d. None of the above - This option suggests that none of the previous options are correct.

## Step 3: Determine the truth value
Based on the analysis, the correct answer is:

c. Disk cleanup

Explanation:
Disk cleanup is a process that removes unused files and frees up memory on a solid-state drive (SSD). This process helps maintain the performance and efficiency of the SSD by removing unnecessary data.

The other options are not correct because:

a. Forensic cleaning refers to the process of removing sensitive or confidential information from a device, which is not related to freeing up memory.
b. Defragmentation is a process that reorganizes fragmented files on a hard drive to improve performance, but it's not directly related to freeing up memory on an SSD.
d. None of the above is incorrect because disk cleanup is indeed the correct answer.

The final answer is: $\boxed{c}$"
34,"[""Providing Homework Guidance""]",['Providing Homework Guidance'],with homework hint and homework index,The memory-management process that removes unused files on a solid state drive to make memory available is ________. a. Forensic cleaning b. Defragmentation c. Disk cleanup d. None of the above,"Based on our previous conversation, I understand that you want to know the answer to True/False Question 10 of Homework 4.

However, I realized that we didn't discuss any specific homework or question earlier. If you could provide more context or share the actual question from your homework, I'd be happy to help you with it.


If you're ready to move forward, please go ahead and ask me about True/False Question 10 of Homework 4, and I'll do my best to assist you!"
35,"[""Homework Question Clarification""]",['Homework Question Clarification'],with homework hint and homework index,The memory-management process that removes unused files on a solid state drive to make memory available is ________. a. Forensic cleaning b. Defragmentation c. Disk cleanup d. None of the above,"Since you didn't provide the actual text of the question, I'll assume it's a general discussion about computer forensics. However, I can still try to help with some related topics.

If you'd like to discuss multiple choice questions 2-10 or any other topic from the provided list, feel free to ask!"
36,"[""Providing Homework Guidance"",""Homework Question Clarification""]",['Providing Homework Guidance'],without homework hint,Define Scientific Working Group on Digital Evidence (SWGDE),"Based on your previous message, it seems like you're having trouble with multiple choice question 2 of homework 4. However, I don't see the actual text of the question.

Could you please provide more context or share the actual question from your homework? That way, I can better understand what you're struggling with and provide a more accurate response.

If you'd like to discuss any related topics or ask about computer forensics in general, feel free to ask!"
37,"[""Providing Homework Guidance"",""Homework Question Clarification""]",['Providing Homework Guidance'],with homework hint,Define Scientific Working Group on Digital Evidence (SWGDE),"I'm glad you provided the context and actual text of the question!

Since you mentioned True/False Question 10 of Homework 4 earlier, I'll assume that's still the question you'd like to discuss. However, I noticed that you also asked about multiple choice question 2 of homework 4.

To confirm, which one would you like to proceed with?"
38,"[""Providing Homework Guidance""]",['Providing Homework Guidance'],with homework hint and homework index,Define Scientific Working Group on Digital Evidence (SWGDE),"Based on your input, I'll provide an answer to the Scientific Working Group on Digital Evidence (SWGDE) in homework.

## Step 1: Understand the context
The Scientific Working Group on Digital Evidence (SWGDE) is a group that focuses on digital evidence and computer forensics.

## Step 2: Define SWGDE
SWGDE stands for the Scientific Working Group on Digital Evidence. It's an organization that provides guidelines, best practices, and standards for the collection, examination, analysis, and preservation of digital evidence.


The final answer is: $\boxed{SWGDE}$"
39,"[""Homework Question Clarification""]",['Homework Question Clarification'],with homework hint and homework index,Define Scientific Working Group on Digital Evidence (SWGDE),"It seems that you're looking for information on a specific question from your homework. However, I don't have any context or details about the actual text of the question.

Could you please provide more information about Question O of definition of homework 4? What topic does it cover, and what kind of answer are you expecting?

If you'd like to share the actual text of the question, I'll do my best to help you understand it!

However, based on your previous message, I'm going to take a guess that Question O is related to computer forensics. If that's correct, here's an attempt at answering it:

O. Scientific Working Group on Digital Evidence (SWGDE)

The Scientific Working Group on Digital Evidence (SWGDE) is a group of experts in the field of digital evidence and forensic science. They provide guidelines and best practices for the collection, analysis, and preservation of digital evidence.

Please let me know if this is correct or not!"
40,"[""Providing Homework Guidance"",""Homework Question Clarification""]",['Providing Homework Guidance'],with homework hint and homework index,A persistent cookie is a text file identifying an Internet user that is sent to the browser and then stored on a client computer until the expiration date stored in the cookie is reached.,"It seems like there's been a bit of confusion about the question being asked.

To clarify, you initially mentioned having trouble understanding multiple choice question 2 of homework 4, but then shifted to asking about True/False Question 10 of Homework 4. After that, you asked me to define Scientific Working Group on Digital Evidence (SWGDE) in homework, and later provided a definition for it.

However, I didn't receive any information about what Question O of definition of homework 4 is asking. It seems like there's been a mix-up between different questions.


If you're ready to move forward, please go ahead and share the actual text of True/False Question 5 of Homework 5 or provide more context about what you're struggling with in your homework. I'll do my best to assist you with it!"
41,"[""Providing Homework Guidance""]",['Providing Homework Guidance'],with homework hint and homework index,A persistent cookie is a text file identifying an Internet user that is sent to the browser and then stored on a client computer until the expiration date stored in the cookie is reached.,"It seems like we've had a bit of a mix-up between different questions and homework assignments.

To clarify, you initially mentioned having trouble understanding multiple choice question 2 of homework 4, but then shifted to asking about True/False Question 10 of Homework 4. After that, you asked me to define Scientific Working Group on Digital Evidence (SWGDE) in homework, and later provided a definition for it.

However, I didn't receive any information about what Question O of definition of homework 4 is asking or True/False Question 5 of Homework 5.

If you're ready to move forward, please go ahead and share the actual text of True/False Question 5 of Homework 5 or provide more context about what you're struggling with in your homework. I'll do my best to assist you with it!

If not, feel free to ask me any other questions or discuss related topics in computer forensics!"
42,"[""Homework Question Clarification""]",['Homework Question Clarification'],with homework hint and homework index,A persistent cookie is a text file identifying an Internet user that is sent to the browser and then stored on a client computer until the expiration date stored in the cookie is reached.,"It seems that I made an incorrect assumption about the question being asked. You initially mentioned having trouble understanding True/False Question 5 of Homework 5, but then provided a series of questions from different homework assignments.

To clarify, could you please provide more context or details about True/False Question 5 of Homework 5? What topic does it cover in computer forensics?

If you'd like to share the actual text of the question, I'll do my best to help you understand it!

Here is the revised response:


The final answer is: $\boxed{I need more context}$"
