,true_roles,pred_roles,objectives,true_answer,pred_answer
0,"[""Asking for Clarifying Concepts or Topics"",""Answering Questions on Lecture Slides""]",['Answering Questions on Lecture Slides'],without lecture hint,"The Internet operates as a complex ""network of networks,"" with a loosely hierarchical structure that integrates both public and private networks. It relies on various protocols‚Äîsuch as TCP, IP, HTTP, Skype, and Ethernet‚Äîto manage the sending and receiving of messages. Internet standards are established through RFCs (Requests for Comments) and overseen by the IETF (Internet Engineering Task Force). The Internet encompasses diverse types of networks, including home networks, institutional networks (e.g., in schools or businesses), mobile networks, and ISPs, which range from global providers offering worldwide connectivity to regional ISPs serving specific areas.","ÔÅ±protocols control sending, receiving of msgs
ÔÅ∂e.g., TCP, IP, HTTP, Skype, Ethernet
ÔÅ±Internet: ‚Äúnetwork of networks‚Äù
ÔÅ∂loosely hierarchical
ÔÅ∂public Internet versus private intranet
ÔÅ±Internet standards
ÔÅ∂RFC: Request for comments
ÔÅ∂IETF: Internet Engineering Task Force"
1,"[""Asking for Clarifying Concepts or Topics"",""Answering Questions on Lecture Slides""]",['Answering Questions on Lecture Slides'],with lecture hint,"The Internet operates as a complex ""network of networks,"" with a loosely hierarchical structure that integrates both public and private networks. It relies on various protocols‚Äîsuch as TCP, IP, HTTP, Skype, and Ethernet‚Äîto manage the sending and receiving of messages. Internet standards are established through RFCs (Requests for Comments) and overseen by the IETF (Internet Engineering Task Force). The Internet encompasses diverse types of networks, including home networks, institutional networks (e.g., in schools or businesses), mobile networks, and ISPs, which range from global providers offering worldwide connectivity to regional ISPs serving specific areas.","The ""nuts and bolts"" view of the Internet, as described in the lecture slide, is that protocols control sending and receiving of messages (e.g., TCP, IP, HTTP, Skype, Ethernet), and the Internet is a ""network of networks"" that is loosely hierarchical with public and private intranets."
2,"[""Asking for Clarifying Concepts or Topics"",""Answering Questions on Lecture Slides""]",['Answering Questions on Lecture Slides'],without lecture hint,"From a service perspective, the Internet functions as a communication infrastructure that supports a range of distributed applications, including the web, VoIP, email, online gaming, e-commerce, and file sharing. It provides essential communication services to these applications, such as reliable data delivery, which ensures data reaches its destination accurately, and ""best effort"" delivery, which offers a less reliable, but still functional, method of data transmission. This infrastructure allows diverse applications to operate seamlessly over the network.","communication 
infrastructure enables 
distributed applications:
ÔÅ∂Web, VoIP, email, games, e-commerce, file sharing
ÔÅ±communication services provided to apps:
ÔÅ∂reliable data delivery from source to destination
ÔÅ∂‚Äúbest effort‚Äù (unreliable) data delivery"
3,"[""Asking for Clarifying Concepts or Topics"",""Answering Questions on Lecture Slides""]",['Answering Questions on Lecture Slides'],with lecture hint,"From a service perspective, the Internet functions as a communication infrastructure that supports a range of distributed applications, including the web, VoIP, email, online gaming, e-commerce, and file sharing. It provides essential communication services to these applications, such as reliable data delivery, which ensures data reaches its destination accurately, and ""best effort"" delivery, which offers a less reliable, but still functional, method of data transmission. This infrastructure allows diverse applications to operate seamlessly over the network.","communication 
infrastructure enables 
distributed applications:
ÔÅ∂Web, VoIP, email, games, e-commerce, file sharing
ÔÅ±communication services provided to apps:
ÔÅ∂reliable data delivery from source to destination
ÔÅ∂‚Äúbest effort‚Äù (unreliable) data delivery"
4,"[""Asking for Clarifying Concepts or Topics"",""Answering Questions on Lecture Slides""]",['Answering Questions on Lecture Slides'],with lecture hint,"Circuit switching is a network core method where end-to-end resources, such as link bandwidth and switch capacity, are reserved exclusively for a single call or session. This approach ensures dedicated resources and guarantees consistent performance throughout the call, similar to a traditional telephone circuit. However, it requires a call setup process to establish the reserved path before communication can begin.","The ""network core"" view of the Internet, as described in the lecture slide, is that it consists of interconnected routers and a network of networks."
5,"[""Asking for Clarifying Concepts or Topics"",""Answering Questions on Lecture Slides""]",['Answering Questions on Lecture Slides'],without lecture hint,"Circuit switching is a network core method where end-to-end resources, such as link bandwidth and switch capacity, are reserved exclusively for a single call or session. This approach ensures dedicated resources and guarantees consistent performance throughout the call, similar to a traditional telephone circuit. However, it requires a call setup process to establish the reserved path before communication can begin.","The ""network core"" view of the Internet, as described in the lecture slide, is that it consists of interconnected routers and a network of networks. Specifically, regarding circuit switching, it mentions that network resources (e.g., bandwidth) are divided into ""pieces"", allocated to calls, and resource pieces remain idle if not used by owning call (no sharing)."
6,"[""Answering Questions on Lecture Slides"",""Asking for Clarifying Concepts or Topics""]",['Homework Question Clarification'],without lecture hint,"To determine the time it takes to send a file of 640,000 bits over a circuit-switched network, follow these steps: Calculate the transmission time: Link speed: 1.536 Mbps (1,536,000 bits per second) File size: 640,000 bits Transmission time = File size / Link speed Transmission time = 640,000 bits / 1,536,000 bits/sec ‚âà 0.4167 seconds (or 416.7 milliseconds) Add the circuit establishment time: Circuit establishment time: 500 milliseconds Total time: Total time = Transmission time + Circuit establishment time Total time = 416.7 milliseconds + 500 milliseconds Total time = 916.7 milliseconds Answer: It takes approximately 916.7 milliseconds to send the file from host A to host B.","Since this is a standalone question without any context or information about the network, I'll provide a general answer.

In a circuit-switched network, data transmission occurs in real-time, and the time it takes to send a file depends on several factors:

1. Network bandwidth (bandwidth)
2. Distance between host A and host B
3. File size (640,000 bits)

Assuming a constant bandwidth, we can estimate the transmission time using the formula:

Transmission Time = (File Size / Bandwidth) √ó Transmission Delay

However, without specific information about the network's bandwidth or distance, it's challenging to provide an exact answer.

If you'd like to provide more context or details, I'll be happy to help with a more accurate response!"
7,"[""Answering Questions on Lecture Slides"",""Asking for Clarifying Concepts or Topics""]",['Answering Questions on Lecture Slides'],with lecture hint,"To determine the time it takes to send a file of 640,000 bits over a circuit-switched network, follow these steps: Calculate the transmission time: Link speed: 1.536 Mbps (1,536,000 bits per second) File size: 640,000 bits Transmission time = File size / Link speed Transmission time = 640,000 bits / 1,536,000 bits/sec ‚âà 0.4167 seconds (or 416.7 milliseconds) Add the circuit establishment time: Circuit establishment time: 500 milliseconds Total time: Total time = Transmission time + Circuit establishment time Total time = 416.7 milliseconds + 500 milliseconds Total time = 916.7 milliseconds Answer: It takes approximately 916.7 milliseconds to send the file from host A to host B.","To calculate the transmission time for a file of 640,000 bits sent from host A to host B over a circuit-switched network, we need to consider the following:

1. First, let's find out how many bits can be transmitted in one TDM slot: 
   Since each link uses TDM with 24 slots/sec and has a bandwidth of 1.536 Mbps (which is equal to 1536000 bps), we can calculate the number of bits per slot as follows:
   Bits per slot = Bandwidth / Number of slots per second
   Bits per slot = 1536000 bps / 24 slots/sec
   Bits per slot = 64000 bits

2. Next, let's find out how many TDM slots are required to transmit the file: 
   Since each link uses TDM with 24 slots/sec and has a bandwidth of 1.536 Mbps (which is equal to 1536000 bps), we can calculate the number of TDM slots required as follows:
   Number of TDM slots = File size / Bits per slot
   Number of TDM slots = 640000 bits / 64000 bits/slot
   Number of TDM slots = 10

3. Now, let's find out how long it takes to transmit the file: 
   Since each link uses TDM with 24 slots/sec and has a bandwidth of 1.536 Mbps (which is equal to 1536000 bps), we can calculate the transmission time as follows:
   Transmission Time = Number of TDM slots √ó Time per slot
   Transmission Time = 10 slots √ó 1/24 sec/slot
   Transmission Time = 10/24 sec

4. Finally, let's add the time it takes to establish an end-to-end circuit: 
   Since it requires 500 msec (which is equal to 0.5 seconds) to establish an end-to-end circuit, we can calculate the total transmission time as follows:
   Total Transmission Time = Transmission Time + Time to establish end-to-end circuit
   Total Transmission Time = 10/24 sec + 0.5 sec

To convert the fraction into a decimal and add it to the whole number, let's first find the decimal equivalent of 10/24:

10/24 ‚âà 0.4167

Now, we can calculate the total transmission time as follows:

Total Transmission Time = 0.4167 sec + 0.5 sec
Total Transmission Time ‚âà 0.9167 sec"
8,"[""Answering Questions on Lecture Slides"",""Asking for Clarifying Concepts or Topics""]",['Answering Questions on Lecture Slides'],without lecture hint,"in a store-and-forward packet-switched network, each router must fully receive and store the entire packet before it can be forwarded. This results in a delay of 3 √ó ùêø ùëÖ 3√ó R L ‚Äã seconds for a packet to traverse three links, where ùêø L is the packet size in bits and ùëÖ R is the link speed in bits per second.","The process of packet-switching, specifically ""store-and-forward"" as described in the lecture slide, involves storing and forwarding an entire packet before it can be transmitted on the next link. This means that each router or node in the network receives a packet, stores it temporarily, and then forwards it to the next node in the path towards its destination."
9,"[""Answering Questions on Lecture Slides"",""Asking for Clarifying Concepts or Topics""]",['Answering Questions on Lecture Slides'],with lecture hint,"in a store-and-forward packet-switched network, each router must fully receive and store the entire packet before it can be forwarded. This results in a delay of 3 √ó ùêø ùëÖ 3√ó R L ‚Äã seconds for a packet to traverse three links, where ùêø L is the packet size in bits and ùëÖ R is the link speed in bits per second.","The process of packet-switching, specifically ""store-and-forward"" as described in the lecture slide, involves storing and forwarding an entire packet before it can be transmitted on the next link. This means that each router or node in the network receives a packet, stores it temporarily, and then forwards it to the next node in the path towards its destination.

Here's how it works:

1.  **Packet Arrival**: A packet arrives at a router.
2.  **Storage**: The router stores the entire packet in its buffer memory.
3.  **Forwarding Decision**: The router examines the packet header and decides which link to forward the packet on next.
4.  **Transmission**: The router transmits the stored packet over the chosen link.

This process is repeated at each hop (router) along the path until the packet reaches its final destination.

### Key Points:

*   Each router stores an entire packet before forwarding it.
*   Packets are not transmitted in real-time; they're buffered and then sent.
*   The store-and-forward approach allows for efficient use of network resources, as packets can be transmitted at different rates over various links."
10,"[""Answering Questions on Lecture Slides"",""Asking for Clarifying Concepts or Topics""]",['Answering Questions on Lecture Slides'],without lecture hint,"Packet switching and circuit switching are two methods of data transmission. Packet switching divides data into packets that travel independently across the network, making it efficient for bursty and variable traffic but potentially subject to delays and packet loss under congestion. It's akin to a public library where resources are dynamically allocated based on demand. In contrast, circuit switching establishes a dedicated communication path for the entire duration of a session, ensuring consistent performance but reserving resources exclusively, much like booking a private dining room at a restaurant. While packet switching offers flexibility and efficient resource use, circuit switching provides reliable, predictable performance, making the choice between them dependent on the specific needs of the application.","Packet switching and circuit switching are two fundamental concepts in computer networking that differ in how they manage data transmission:

**Circuit Switching**

1.  **Establishment**: Before transmitting any data, a dedicated communication channel (circuit) is established between the sender and receiver.
2.  **Resource Reservation**: The entire bandwidth of the circuit is reserved for the duration of the connection.
3.  **Data Transmission**: Data is transmitted over the dedicated circuit in real-time.

**Packet Switching**

1.  **No Prior Establishment**: No prior establishment of a communication channel is required; packets are sent independently.
2.  **Store-and-Forward**: Each router stores and forwards an entire packet before transmitting it on the next link.
3.  **Dynamic Resource Allocation**: Resources (bandwidth) are allocated dynamically as needed, based on the size of each packet.

Key differences:

*   Circuit switching reserves resources for the duration of a connection, while packet switching allocates resources dynamically.
*   Packet switching is more efficient in terms of resource utilization and can handle variable traffic patterns."
11,"[""Answering Questions on Lecture Slides"",""Asking for Clarifying Concepts or Topics""]",['Answering Questions on Lecture Slides'],with lecture hint,"Packet switching and circuit switching are two methods of data transmission. Packet switching divides data into packets that travel independently across the network, making it efficient for bursty and variable traffic but potentially subject to delays and packet loss under congestion. It's akin to a public library where resources are dynamically allocated based on demand. In contrast, circuit switching establishes a dedicated communication path for the entire duration of a session, ensuring consistent performance but reserving resources exclusively, much like booking a private dining room at a restaurant. While packet switching offers flexibility and efficient resource use, circuit switching provides reliable, predictable performance, making the choice between them dependent on the specific needs of the application.","The key differences between packet switching and circuit switching are:

*   **Resource Reservation**: Circuit switching reserves resources for the duration of a connection, while packet switching allocates resources dynamically.
*   **Efficiency**: Packet switching is more efficient in terms of resource utilization and can handle variable traffic patterns.

These differences highlight the fundamental trade-offs between these two approaches to data transmission."
12,"[""Answering Questions on Lecture Slides"",""Asking for Clarifying Concepts or Topics""]",['Answering Questions on Lecture Slides'],without lecture hint,"Nodal delay in a network involves several components: processing delay ( ùëë ùëù ùëü ùëú ùëê d proc ‚Äã ), which is the time taken to process a packet and is usually very brief, often in microseconds; queuing delay ( ùëë ùëû ùë¢ ùëí ùë¢ ùëí d queue ‚Äã ), which varies depending on network congestion and how long packets wait in queues; transmission delay ( ùëë ùë° ùëü ùëé ùëõ ùë† d trans ‚Äã ), calculated as the packet size ùêø L divided by the link speed ùëÖ R, and is more significant on slower links; and propagation delay ( ùëë ùëù ùëü ùëú ùëù d prop ‚Äã ), the time it takes for a signal to travel through the medium, which can range from a few microseconds to hundreds of milliseconds. Each of these delays affects the overall time it takes for a packet to traverse a network node.","The concept of node delay refers to the time it takes for a packet to be processed and forwarded by a router or node in a network. This includes the time spent on tasks such as routing table lookup, packet buffering, and transmission.

In the context of packet switching, node delay is an important factor that affects the overall performance of the network. It can impact the throughput, latency, and reliability of data transmission.

Node delay can be influenced by various factors, including:

*   **Processing power**: The speed at which a router or node can process packets.
*   **Buffering capacity**: The amount of memory available for storing packets while they are being processed.
*   **Transmission speed**: The rate at which packets are transmitted over the network.

Understanding node delay is crucial for designing and optimizing networks to meet specific performance requirements."
13,"[""Answering Questions on Lecture Slides"",""Asking for Clarifying Concepts or Topics""]",['Answering Questions on Lecture Slides'],with lecture hint and lecture index,"The history of computer forensics traces its development from the early 1980s to the present, reflecting the field‚Äôs evolution alongside technological advancements and legal changes. The inception of computer forensics can be traced back to 1981 with the introduction of the IBM 5150 PC, and significant milestones include the establishment of key organizations such as the FBI's Magnetic Media Program (later CART) in 1984, and the National Center for Missing and Exploited Children (NCMEC). The 1990s saw the rise of the internet and the creation of several forensic tools and institutions, including the International Organization on Computer Evidence (IOCE) in 1995 and the first Regional Computer Forensics Laboratory (RCFL) in 1999. The 2000s brought further expansion with the formation of the Department of Homeland Security (DHS) in 2002, and the establishment of European Electronic Crimes Task Forces (ECTFs). Recent developments include significant legislative and technological advancements, such as the introduction of the General Data Protection Regulation (GDPR) in 2018 and advances in forensic technology like Apple's APFS. This timeline highlights the growing importance and complexity of digital forensics in addressing and investigating cyber-related crimes.","The history of computer forensics dates back to the early days of computing. Here's a brief overview:

1.  **Early beginnings (1960s-1970s)**: The first computer forensic investigations were conducted in the 1960s and 1970s, primarily by law enforcement agencies and government organizations. These early efforts focused on investigating crimes related to computer hacking and unauthorized access.
2.  **Development of digital forensics tools (1980s)**: In the 1980s, the first digital forensic tools were developed, including disk cloning software and data recovery utilities. This marked the beginning of a more structured approach to computer forensics.
3.  **Establishment of computer crime units (1990s)**: The 1990s saw the establishment of dedicated computer crime units within law enforcement agencies. These units focused on investigating cybercrimes, such as hacking, identity theft, and online child exploitation.
4.  **Introduction of digital forensics standards (2000s)**: In the 2000s, organizations like the International Organization for Standardization (ISO) and the National Institute of Standards and Technology (NIST) developed standards for digital forensic practices. This helped establish a more formalized approach to computer forensics.
5.  **Advancements in technology (2010s)**: The 2010s saw significant advancements in digital forensic tools and techniques, including the use of cloud computing, big data analytics, and artificial intelligence.

Today, computer forensics is a rapidly evolving field that plays a critical role in investigating cybercrimes and protecting individuals' rights."
